ue,freq,act_theta,reduction,score
3.892,0.109,0.43,20.700754363387219,9.0783590324165555
2.737,0.11,0.627,8.9593682785807687,9.1398833824833119
1.849,0.182,0.595,6.7349362980043281,9.2039758651802401
1.445,0.187,0.749,-0.41367412231898015,9.1748183798397864
3.284,0.292,0.545,16.112254981326302,9.1298200111081442
2.312,0.267,0.572,10.252102772908486,9.1928857150600809
1.849,0.206,0.595,7.2256980213799551,9.2078047570360475
1.784,0.167,0.62,4.6249906471135063,9.1922371029639525
3.195,0.224,0.445,21.410694577265716,9.1826907209612809
3.892,0.101,0.43,23.309568125918659,9.0987128320160213
2.606,0.206,0.507,13.428368556852021,9.1887488993591457
1.507,0.24,0.434,11.18696519859644,9.2616653524432575
2.422,0.192,0.361,18.58010386288467,9.2474454516421893
2.539,0.24,0.434,18.552134565364128,9.2356184969559418
2.306,0.14,0.687,0.6215724207956157,9.1183030877436586
3.064,0.192,0.578,13.835947105885452,9.1399916013618157
2.312,0.187,0.509,11.42294696979927,9.202020567263018
3.284,0.232,0.559,15.04157426922923,9.1214666280640859
1.548,0.24,0.589,6.0697267707241167,9.2192358826168217
1.507,0.192,0.707,0.1561561556217157,9.1756036795460609
1.282,0.132,0.626,2.9014685156086273,9.209572932550067
1.319,0.232,0.393,10.58907232529026,9.2676263901468623
1.548,0.001,0.507,4.2939328616797496,9.2053812511081432
3.284,0.132,0.256,15.619265797572027,9.1259737407476642
1.425,0.224,0.557,6.4978689040425479,9.2298898004005334
2.878,0.24,0.43,20.312601325789075,9.2126262870226974
2.737,0.112,0.636,3.0879675193170186,9.0940750859546053
3.284,0.257,0.393,25.008979934686451,9.199231695220293
2.306,0.267,0.731,-0.090835907825635331,9.1127449231241648
0.883,0.192,0.43,6.548392801559956,9.2553027046461942
3.284,0.134,0.393,25.114074549413672,9.2000516367423231
3.163,0.28,0.545,15.346463891547018,9.139447097570093
1.548,0.001,0.434,6.4741895276790018,9.2223914754072087
3.164,0.232,0.697,1.0665791321141569,9.027909801895861
1.88,0.151,0.591,7.5112729362877815,9.2077208144192255
0.368,0.147,0.499,2.0102105626946241,9.232781394499332
3.892,0.24,0.326,24.98623375923583,9.1117940710013343
1.394,0.24,0.409,11.226275215376859,9.2685283067022706
0.318,0.206,0.651,0.38061721733488696,9.2207534105206932
1.548,0.084,0.539,7.6421240194220275,9.2315036262750336
2.012,0.146,0.393,15.706878018434267,9.2613875257409877
3.284,0.224,0.536,16.017667702688001,9.1290820471562082
1.507,0.19,0.707,0.059956186428493652,9.1748531334846462
3.598,0.084,0.707,1.2763049012725673,8.9708519090520689
3.284,0.257,0.545,15.862162424456571,9.1278688048331116
3.11,0.273,0.738,-0.051151125307200118,9.0259652612817085
2.329,0.162,0.545,11.630142454172628,9.2020591532977303
2.171,0.224,0.536,10.845501982551838,9.2101574380774363
1.548,0.19,0.43,11.216669404795269,9.2593920027770356
3.686,0.232,0.47,21.44518647566214,9.1153884045660885
3.284,0.232,0.557,15.0607897236127,9.1216165458210945
2.737,0.241,0.509,13.350064866644374,9.1741393189319087
3.284,0.132,0.265,16.811826556664101,9.1352780241922567
1.507,0.084,0.707,0.034780998505013372,9.1746567182643517
1.507,0.192,0.539,7.9427456931493481,9.2363541575166881
1.548,0.001,0.43,6.3420250532025335,9.2213603365554064
1.112,0.28,0.65,1.0673764590562769,9.2034030625901195
3.284,0.224,0.696,1.18385217875759,9.0133495587716954
3.598,0.084,0.43,24.0592634550637,9.148603107449933
1.448,0.181,0.344,10.799178661354972,9.2621267664619484
1.146,0.266,0.705,-0.019393699129011566,9.1933887107076107
1.112,0.179,0.595,3.9548468754082933,9.2259309237383178
3.288,0.111,0.636,3.8545352126910046,9.0336602985046728
2.306,0.14,0.636,4.3778978418442449,9.1476097005607482
2.981,0.144,0.481,15.892241892658561,9.1660693829372502
1.507,0.016,0.43,10.855232663708321,9.2590771962349798
2.306,0.14,0.651,2.8866041770068023,9.1359747219225635
0.118,0.296,0.696,0.23360859711371518,9.2213504585847801
0.907,0.179,0.43,6.7205829413631619,9.2557869212016026
1.88,0.224,0.591,7.1322886023649517,9.2047640026702275
3.284,0.284,0.545,15.995157236062781,9.1289064219225633
3.284,0.179,0.545,16.070867615813555,9.1294971095060085
2.123,0.084,0.749,-0.42662116625000124,9.1263352878237658
3.284,0.102,0.568,11.573758948883906,9.0944109527636847
1.507,0.147,0.707,0.032458991062313203,9.1746386021094786
3.284,0.296,0.557,14.980759082081462,9.1209921518291051
1.112,0.179,0.509,5.6600852304220268,9.2392350852870493
2.737,0.241,0.636,5.4215609389317052,9.1122816338851802
1.548,0.016,0.707,0.072506047127532725,9.1724459467022701
3.284,0.232,0.38,25.473645316489595,9.2028569850734314
0.688,0.24,0.43,5.0737252165449434,9.249924341628839
1.548,0.24,0.689,0.27629578368420482,9.174035901308411
2.516,0.191,0.56,11.911195110278456,9.1861316083044056
3.164,0.24,0.456,20.23752607984504,9.17748031471295
3.892,0.093,0.409,31.846395495944208,9.1653166179973304
3.598,0.016,0.707,1.1275190015983299,8.9696910908945267
2.737,0.14,0.627,7.189065098300901,9.1260715892923905
3.892,0.24,0.473,22.451377499556557,9.0920172831508683
3.284,0.24,0.38,25.531759486534114,9.2033103881441924
2.737,0.267,0.627,7.3092881844686559,9.1270095621895866
2.737,0.267,0.595,10.155033415653335,9.1492118860881178
1.88,0.177,0.528,9.8386388445420039,9.2258787757009344
0.883,0.147,0.43,6.4650127297482527,9.2546521786114813
2.312,0.267,0.509,11.551547062742557,9.2030238970360472
2.308,0.179,0.619,6.4111085308366427,9.163288121468625
3.195,0.162,0.445,21.659286873301937,9.1846302222963949
3.892,0.24,0.458,24.376700833231894,9.1070385337516697
1.507,0.001,0.707,-0.13215728718834896,9.1733542763417883
0.883,0.147,0.499,4.6603444040318891,9.2405722707343116
1.507,0.135,0.707,0.037359523683491602,9.1746768357543385
2.012,0.224,0.393,15.669120473001854,9.2610929437650196
1.507,0.192,0.589,6.1107528381077714,9.2220610653938593
1.189,0.125,0.348,8.8071976282387396,9.2602451167156214
1.548,0.125,0.707,0.19712917397394847,9.1734182484379172
3.598,0.167,0.434,25.721670655280747,9.1615731030440593
1.507,0.19,0.589,5.8879985861988047,9.2203231508411214
3.598,0.016,0.434,24.296102156362352,9.1504509079839789
0.653,0.223,0.636,1.0738689759975699,9.2196564167957273
3.288,0.111,0.509,10.805844871092702,9.0878939758077433
0.907,0.24,0.612,2.5938715787541753,9.223590580747663
1.425,0.146,0.393,11.280439474330493,9.2672031128170893
1.425,0.224,0.545,6.999264049075947,9.23380165353805
2.737,0.241,0.651,3.7342247496347625,9.0991171438985319
3.598,0.016,0.589,13.479425699810676,9.0660598839519366
3.284,0.224,0.566,14.844927618977465,9.1199324033644853
2.427,0.267,0.636,4.737221948036705,9.1389592644592792
1.425,0.132,0.393,11.414095824471048,9.2682458911882506
3.165,0.266,0.483,17.051430190592583,9.152496016555407
3.413,0.224,0.393,25.844978884876909,9.1884758460347129
0.653,0.106,0.636,1.4260069063815166,9.2224037746061409
0.653,0.267,0.294,4.5463639396422906,9.2467486023765026
0.6,0.112,0.49,3.0989151281415133,9.2367838785046725
3.284,0.296,0.279,17.902019575256887,9.1437836410146858
3.284,0.179,0.557,15.106671608417798,9.1219745133778378
1.507,0.084,0.43,10.570259427492232,9.2568538531108135
1.507,0.147,0.43,10.919089836330613,9.2595754058477979
1.189,0.018,0.334,8.8917268105211775,9.2609046080373822
3.163,0.28,0.653,4.4034979011715336,9.0540707706008003
1.282,0.266,0.626,2.955512301923207,9.2099945787449933
3.892,0.208,0.72,0.62073653918646698,8.9216960062483306
2.306,0.182,0.731,-0.068661019105590526,9.1129179302002665
3.892,0.208,0.43,27.430320987094206,9.1308626846194922
1.815,0.241,0.687,0.37722789760535136,9.156864947263017
1.145,0.207,0.65,0.93961864783112503,9.2009166842456604
3.064,0.24,0.578,13.496211046515484,9.1373410021628843
0.641,0.24,0.43,4.7308279140553537,9.2484983386114816
1.961,0.267,0.676,1.0451485726425886,9.1510501020293731
2.012,0.102,0.393,12.409580920660545,9.2356622228037377
3.284,0.146,0.545,15.971263729850833,9.1287200063017355
1.379,0.24,0.434,10.262397929984346,9.2618400972229633
3.892,0.24,0.409,30.058094268101456,9.1513644051802405
3.892,0.145,0.326,25.599134254866414,9.1165758818157538
3.181,0.11,0.294,17.904296200108845,9.1571193030974634
1.548,0.179,0.507,7.822848721624112,9.2329136289452602
1.548,0.147,0.507,7.6787658410482607,9.2317895034445918
3.635,0.24,0.434,25.78845615154961,9.156741739252336
1.507,0.016,0.707,0.045331424097540207,9.1747390320160207
3.76,0.24,0.707,1.3947703019036908,8.9479362485981309
1.849,0.187,0.595,6.5637392018439868,9.2026401962883853
0.118,0.296,0.521,0.86759397788219417,9.2262967723364486
1.145,0.104,0.577,3.8009860315876551,9.2232408911882509
0.118,0.232,0.696,0.2151518123297933,9.2212064599198929
3.284,0.296,0.256,15.293921392821431,9.123435424325768
3.284,0.132,0.696,1.2261088809945022,9.0136792428838461
1.507,0.24,0.321,10.814191177880375,9.2587569931642193
2.306,0.241,0.636,4.365126099293164,9.1475100562349798
3.195,0.279,0.38,24.936557824816674,9.210199282510013
2.306,0.187,0.687,0.64365844383178228,9.1184754014953278
2.306,0.241,0.687,0.70457952369129373,9.1189507038985305
0.653,0.267,0.636,1.0491186937031216,9.2194633166622157
3.519,0.13,0.445,22.567979116588234,9.1482130615754329
0.368,0.251,0.43,2.8481402067144757,9.2393188684646201
3.284,0.132,0.559,14.401793658255912,9.1164751002937248
1.664,0.223,0.504,8.6796802489140106,9.2321467342056067
0.347,0.164,0.569,1.6540496333445986,9.230302949506008
0.421,0.135,0.707,-0.014477765176138746,9.2161485645126842
3.312,0.224,0.318,21.804418173864363,9.1705361475033378
3.686,0.018,0.47,19.132909919465888,9.0973481694526033
3.284,0.185,0.393,24.920582451258568,9.1985420236582112
1.88,0.232,0.38,15.058895359813533,9.2666068861148201
3.635,0.24,0.43,25.392454920456132,9.1536521627503333
2.312,0.267,0.687,0.76451402846724648,9.1188641491054732
3.892,0.24,0.707,1.5004749804921431,8.928559669799732
2.737,0.196,0.636,5.5382164435117573,9.1131917727369824
2.045,0.216,0.571,9.2882346085268637,9.2086320567423225
3.29,0.24,0.434,23.509491306814155,9.1867438999999997
1.548,0.135,0.539,7.7936820219016028,9.232686072202938
1.849,0.241,0.595,6.5381527983641377,9.2024405727903869
2.012,0.224,0.463,12.210392930890052,9.2341081707343129
3.284,0.232,0.256,15.370865966844292,9.1240357410146871
0.164,0.17,0.489,1.1821410223553386,9.2284914084379182
1.507,0.147,0.434,11.133630044665992,9.2612492349532705
1.548,0.101,0.689,0.23405557798484722,9.173706345901202
3.76,0.24,0.43,25.920837887478598,9.1392870731642191
2.306,0.267,0.624,6.0317983560728266,9.1605133275300403
0.646,0.263,0.269,3.8068765275853877,9.2411610284646191
2.18,0.19,0.507,10.840553825590504,9.209335652870493
1.424,0.179,0.566,6.781437538807495,9.2321591649132184
3.519,0.13,0.659,4.1236826565049398,9.0043118297997324
3.284,0.14,0.393,25.327960235376977,9.2017203593057406
0.368,0.135,0.707,-0.0026627191250838678,9.2170770847530044
2.737,0.267,0.35,19.910944777032981,9.2253268880907875
2.29,0.132,0.545,10.826309476152574,9.1993905193591452
3.284,0.266,0.393,25.398159744843895,9.2022680514285717
3.598,0.167,0.707,1.2649847513468302,8.9707635899599474
3.284,0.232,0.393,25.11011526062309,9.2000207466221635
3.165,0.232,0.483,17.077418945306817,9.1526987791722298
3.284,0.198,0.393,25.501934345656252,9.2030776942857138
1.548,0.168,0.462,9.6608821500845039,9.2472538492389855
3.284,0.224,0.279,17.761544952896998,9.1426876669158883
1.379,0.24,0.43,10.059575225932576,9.2602576873431239
3.598,0.24,0.62,10.730195891317592,9.0446105672630175
3.598,0.187,0.589,14.716959288660547,9.0757150425634183
3.892,0.24,0.434,28.131694963168343,9.1363347599198939
3.284,0.132,0.545,15.355358519968448,9.1239147528971962
1.206,0.159,0.626,2.8609698582727958,9.2130387245927903
1.961,0.179,0.676,1.1160826571812095,9.1516035252603469
0.459,0.081,0.749,-0.10110632009525489,9.2148038940186918
3.598,0.19,0.434,25.824916014998124,9.1623786167957277
2.012,0.191,0.393,15.675836086789118,9.2611453385580766
2.312,0.14,0.687,0.63784324323350461,9.1178758716688915
0.118,0.224,0.545,0.82516074215882895,9.2259657109212281
3.892,0.178,0.43,26.767470670029056,9.1256911684646198
1.548,0.167,0.507,7.7371697443672645,9.2322451669959946
3.284,0.147,0.696,1.343404071330383,9.0145943725233639
0.883,0.135,0.43,6.3850319029687626,9.2540281732710277
2.312,0.241,0.636,4.3207460154547306,9.1466096456341788
1.548,0.135,0.707,0.10388146894179329,9.1726907357543386
3.519,0.224,0.545,16.74453507531112,9.1027789203204268
0.118,0.179,0.696,0.21479261904939051,9.2212036575166891
2.617,0.173,0.294,16.270394674457691,9.2097731469692921
1.445,0.187,0.681,0.52243575989892577,9.1821218497997332
3.284,0.194,0.545,15.778423638516969,9.1272154801335112
2.312,0.182,0.509,11.448867582177058,9.202222798237651
3.892,0.208,0.409,29.650423465091123,9.1481837834178901
1.619,0.102,0.667,0.19026770957550809,9.1688675757276368
3.284,0.153,0.393,25.066637061656465,9.1996815324699597
0.118,0.224,0.696,0.26743026377970125,9.221614333084112
3.181,0.11,0.636,8.3219174955041666,9.0823581918825091
1.961,0.084,0.676,1.0087716539215705,9.1507662916154864
0.368,0.018,0.499,1.9398884244022412,9.2322327456341782
1.143,0.232,0.545,5.7370511609582024,9.2384374685981303
2.006,0.224,0.393,15.608221605285181,9.2610999746595457
0.318,0.241,0.627,0.69676993620078065,9.2232200139919893
0.543,0.24,0.43,4.0299405173874163,9.2453506995727643
1.664,0.24,0.43,12.068481809209914,9.2585859491588778
0.92,0.102,0.393,6.0902454515709223,9.250394048064086
3.635,0.001,0.434,15.343634204873709,9.0752519005340453
3.892,0.139,0.43,26.942157263025379,9.1270540621895861
1.425,0.132,0.557,6.3951271336466107,9.2290882156208269
0.92,0.224,0.393,7.3755456204112875,9.2604218785046726
1.548,0.147,0.43,11.186920534734526,9.2591599039786381
2.329,0.132,0.456,14.619934304353293,9.2253853197863815
3.284,0.24,0.445,21.976053266785712,9.1755689936181568
1.112,0.179,0.687,0.20003489188812296,9.1966361186648875
3.288,0.111,0.65,2.5624918787922013,9.0235798583177562
2.737,0.267,0.687,1.1538569216148318,9.0789852776769031
3.892,0.208,0.434,27.528563840261953,9.1316291691321769
2.737,0.241,0.566,12.750935317740385,9.1694649481708943
3.284,0.169,0.393,24.95821312394294,9.1988356157810411
3.284,0.151,0.489,17.545636199339327,9.1410031605073438
1.379,0.171,0.43,9.9912795606401374,9.2597248488918567
3.284,0.224,0.557,14.516952324520588,9.1173735609078772
1.437,0.169,0.43,10.398617746223479,9.2596363155941255
1.507,0.084,0.589,5.6400344078071356,9.2183885500400535
1.319,0.296,0.545,6.5837513500037232,9.2363771297997328
1.548,0.24,0.434,11.484311864700629,9.2614801322830438
1.11,0.123,0.414,8.3951332873342324,9.2606626368491316
2.312,0.14,0.509,11.541703216023279,9.2029470959679571
3.29,0.24,0.43,23.241925151951065,9.1846563658210947
3.785,0.137,0.703,1.5158444998863416,8.9451083618157536
0.883,0.147,0.707,-0.054805981107847401,9.2037849663284383
1.425,0.132,0.545,6.8297761584825309,9.2324793197596797
1.507,0.19,0.507,7.4951263512589605,9.2328618597863823
3.284,0.146,0.393,24.934984921035294,9.1986543908144185
2.737,0.14,0.472,16.343767542758542,9.1974959974365831
1.548,0.24,0.45,10.322013062478618,9.2524119507076108
1.507,0.232,0.589,5.9176843107996149,9.2205547569826436
3.284,0.185,0.545,15.884922666456802,9.1280463787983983
3.195,0.224,0.355,23.02704762022627,9.1953014049399204
2.306,0.187,0.65,2.8853511417722615,9.1359649458210939
0.122,0.187,0.257,0.9158721901117417,9.2266542358878496
3.164,0.137,0.697,0.96618414819235454,9.0271265265954597
2.427,0.267,0.595,8.8595491846764389,9.1711214002403203
1.507,0.24,0.707,0.056509710645727296,9.1748262442990658
3.892,0.087,0.434,27.731666780100326,9.1332137653938581
2.123,0.19,0.62,5.5303141228917951,9.1728109193324432
3.284,0.224,0.256,15.168553098209571,9.1224573088384506
1.68,0.241,0.58,7.0918156139152586,9.2186882349799735
1.548,0.147,0.589,6.1128107982747792,9.2195720214686254
3.145,0.232,0.496,16.098255649963136,9.1475834092122827
1.507,0.001,0.434,6.2897123765710745,9.2234572963684904
1.784,0.167,0.681,0.81480454447162742,9.1625102725233649
2.95,0.167,0.387,22.898966432373157,9.2244126236315083
1.112,0.179,0.731,-0.16144069477992673,9.1938159090520699
1.282,0.211,0.626,2.8214416559599442,9.2089485680640859
1.146,0.224,0.705,-0.053905516581096435,9.1931194516955941
0.883,0.147,0.62,2.1622475465901232,9.2210822774098808
3.892,0.001,0.43,15.939243402940534,9.0412100257409875
2.306,0.241,0.627,5.7727157338628672,9.1584919813351142
3.209,0.191,0.637,6.6690438565104557,9.065884176528705
0.92,0.277,0.393,7.3620492623162619,9.260316580774365
0.851,0.201,0.34,6.2839146308153886,9.2543490227236322
2.171,0.224,0.545,10.415825140754649,9.2068051265954605
1.88,0.232,0.445,12.724331776089841,9.2483927690253669
3.312,0.134,0.393,25.299029877645722,9.1978008864886522
2.306,0.267,0.393,18.021511851122824,9.2540563121762354
3.181,0.241,0.636,6.5970008076389917,9.0689005012283044
3.519,0.13,0.545,16.027514646786244,9.0971847723898538
2.427,0.241,0.595,8.7666978072466861,9.1703969796795732
3.892,0.24,0.591,16.142080909383353,9.0427925511081444
0.164,0.232,0.697,0.20048580865508825,9.2208325966889184
3.284,0.162,0.256,15.527529100080429,9.1252580168491324
3.288,0.111,0.627,5.2050153916459863,9.0441966592523357
3.635,0.001,0.507,9.6916500749260877,9.0311554786381834
1.507,0.24,0.62,3.8078187468335898,9.2040937195994665
3.284,0.194,0.393,25.194476602615183,9.2006789284646189
2.606,0.206,0.539,13.992998318455207,9.1931541049666219
3.164,0.24,0.697,1.0319969305761845,9.0276399937516683
0.122,0.14,0.257,0.89178228269543069,9.2264662879572761
3.195,0.232,0.445,21.403285475737164,9.1826329156208271
1.425,0.224,0.256,7.3565503023955756,9.2365891782376508
2.329,0.224,0.697,0.38439056071409539,9.1143205099065412
1.88,0.232,0.591,7.3975682755237813,9.2068336978638179
1.112,0.28,0.472,6.6661195543226768,9.2470841013084115
2.123,0.016,0.434,15.22204736500909,9.2484252077169558
3.892,0.116,0.43,19.898237839863157,9.0720978493724971
3.598,0.016,0.62,9.6808624688254099,9.0364237344192251
1.548,0.135,0.62,3.8980607964215039,9.2022926823497997
3.598,0.084,0.62,10.194758292971969,9.0404331170627508
3.785,0.179,0.703,1.6612601432571665,8.946242885447262
3.164,0.209,0.697,1.5206279823865856,9.0314522622429898
3.79,0.224,0.545,18.010260408249053,9.0730392491321759
1.849,0.106,0.595,4.7736165782891504,9.1886737730574097
2.329,0.162,0.697,0.60629909127422366,9.1160518261949264
3.892,0.291,0.385,29.371607253474167,9.1460084770093459
3.892,0.24,0.546,18.729059947274195,9.0629759975700939
0.368,0.018,0.612,1.0511032408556957,9.225298499973297
3.284,0.179,0.393,25.385276291300187,9.2021675355407204
3.892,0.141,0.409,29.656040279424516,9.1482276054472624
3.145,0.192,0.496,16.410615568434096,9.1500204214953271
1.548,0.135,0.507,7.5960218442358354,9.231143940026703
2.737,0.182,0.627,7.39475065322695,9.1276763349532715
0.118,0.101,0.696,0.23544854287419525,9.221364813724966
3.284,0.296,0.393,25.391570764228376,9.202216644619492
1.784,0.167,0.372,14.428196777243286,9.2687210957543389
3.284,0.162,0.545,16.232487770332995,9.1307580597062756
1.548,0.24,0.344,11.485029241618648,9.2614857292122839
0.118,0.224,0.557,0.79467192367280859,9.2257278390921229
3.195,0.224,0.38,24.779712836078374,9.2089755878504675
2.312,0.241,0.509,11.381668662827551,9.2016985165287046
1.507,0.172,0.43,10.937436929407625,9.2597185487049405
3.284,0.296,0.696,1.3697783898274594,9.0148001432843792
1.961,0.167,0.676,1.0551560157297075,9.1511281794659549
3.284,0.24,0.545,16.047980535290478,9.1293185459546056
0.459,0.081,0.434,3.3598874424132816,9.2418063479572758
0.368,0.135,0.43,2.8721640595304052,9.2395063010413878
3.284,0.232,0.279,18.02483713553768,9.1447418558344467
0.318,0.206,0.627,0.79644889509923189,9.2239977029105482
2.306,0.267,0.687,0.76942672814048763,9.1194566376769028
1.507,0.001,0.43,6.1912953001166358,9.2226894525767698
3.288,0.111,0.472,13.405355048508284,9.1081751894259018
1.143,0.224,0.545,5.6465317162738273,9.237731241628838
3.195,0.137,0.38,24.963370482326525,9.2104084731642182
1.548,0.24,0.62,3.8974024750542497,9.2022875461682236
0.698,0.12,0.382,5.9529004824881468,9.2565064113217623
3.195,0.24,0.38,24.859247691629577,9.2095961137516689
2.737,0.241,0.687,1.0233489972634544,9.0779670631241665
3.284,0.144,0.545,16.123607234472331,9.1299085806675571
0.85,0.24,0.43,6.2641133097740322,9.2542285540720961
1.548,0.192,0.43,11.307070772603296,9.2600973085180236
3.284,0.219,0.393,25.609229930471628,9.2039148076368491
1.424,0.28,0.566,6.6592094901664183,9.2312055494259013
3.892,0.145,0.409,30.146406547939833,9.1520534119893195
3.598,0.167,0.507,17.537449227884338,9.0977203262750326
2.532,0.107,0.309,13.909542010051624,9.2001072241388524
2.737,0.241,0.627,7.165617563317241,9.125888653110815
1.507,0.192,0.62,3.9864702586629051,9.2054875473698257
1.753,0.179,0.337,12.809333984606596,9.2582837708678234
2.29,0.211,0.591,8.6464315802376177,9.1823832502002674
2.29,0.162,0.591,9.3376111923955278,9.1877757897196268
3.29,0.24,0.385,25.219112418789891,9.2000822555407211
1.112,0.146,0.577,4.7843922055763386,9.2324029838184245
3.284,0.24,0.393,25.383265852797763,9.2021518502269686
3.284,0.296,0.559,14.989662181235317,9.1210616132443256
0.92,0.191,0.393,7.3830385394094264,9.2604803377837115
3.284,0.151,0.545,16.025111491438068,9.1291401231241665
3.284,0.153,0.545,15.953624584654335,9.1285823868090787
2.737,0.267,0.636,5.5651234769597409,9.1134016997062748
1.548,0.168,0.564,7.389639379050351,9.2295337571161546
2.934,0.24,0.409,22.800039469163863,9.2255236817356483
2.123,0.016,0.681,0.9932009075724153,9.1374126496395185
1.849,0.241,0.65,2.0872615428069849,9.1677150013618167
0.883,0.018,0.43,6.2565510847832257,9.2530257740720963
2.737,0.241,0.595,9.9695134061507815,9.1477644707343124
3.284,0.224,0.318,21.675539864420244,9.1732244071028042
3.598,0.135,0.434,25.262915808319079,9.1579939268090786
3.892,0.087,0.326,25.200317968364743,9.1134643424299071
3.195,0.232,0.545,15.643922867584507,9.1376987336448607
3.181,0.14,0.636,6.6018758082747127,9.0689385356742314
3.284,0.132,0.393,25.041826371916585,9.1994879610413882
2.902,0.065,0.704,0.85408786561042405,9.0580377985046727
3.284,0.179,0.256,15.458435834044352,9.124718955567424
0.318,0.241,0.651,0.28142049124458879,9.2199794839519367
0.368,0.135,0.507,1.9288733919700718,9.2321468070493999
1.664,0.267,0.509,8.3710608347605273,9.2297389051001328
1.507,0.19,0.62,3.7402075851722998,9.2035662216021361
2.012,0.132,0.393,15.682515832586091,9.2611974535113486
2.981,0.17,0.481,15.96699184536449,9.1666525773297725
2.329,0.144,0.456,14.811671523436686,9.2268812414152208
2.377,0.191,0.393,18.423719065937576,9.2505444473698262
3.195,0.209,0.38,25.745669472376321,9.2165119202937245
2.306,0.187,0.731,-0.21424450276671791,9.1117820970894527
0.421,0.24,0.707,-0.023828084777377967,9.2160756139118831
2.306,0.196,0.687,0.76650340137041439,9.1194338300667557
2.981,0.232,0.481,16.128216065871115,9.1679104384779713
2.927,0.172,0.254,13.958846276111672,9.1573657928971954
3.892,0.24,0.659,4.7296768185240552,8.9537536978371168
3.284,0.13,0.256,15.466193057007118,9.1247794769292394
1.146,0.132,0.705,-0.060431060822580207,9.1930685398130834
3.284,0.102,0.318,18.928720124762009,9.1517938936181569
3.8,0.24,0.43,26.837469619932037,9.140390575834445
3.484,0.284,0.545,16.840618062833798,9.1084306536982638
1.548,0.19,0.507,7.6986848967141981,9.2319449106542049
2.306,0.187,0.509,11.382456697632904,9.202258824726302
3.284,0.232,0.591,13.419514930198133,9.1088114239252338
3.635,0.001,0.707,-0.13419111860234523,8.954494888518024
2.737,0.267,0.4,21.869193608107835,9.2406050213351136
1.507,0.167,0.43,10.910798101594906,9.2595107142590116
2.306,0.267,0.595,8.4036760808892552,9.1790185671829114
3.284,0.102,0.393,20.622701201508534,9.1650102265954612
1.548,0.001,0.45,5.7862745015764716,9.2170244059813093
0.118,0.179,0.545,0.81913317430898758,9.2259186842189589
3.284,0.133,0.256,15.531488012394007,9.1252889040320433
2.329,0.224,0.456,14.69913986232018,9.2260032765287043
2.027,0.202,0.619,5.539383453752464,9.1808496776769033
1.548,0.016,0.507,7.3994811722587315,9.2296105421628845
1.548,0.167,0.43,11.196257848766763,9.2592327531108136
1.548,0.084,0.707,0.083960188639053968,9.1725353111882502
0.368,0.125,0.43,2.8405618958883281,9.2392597429639522
3.892,0.063,0.43,26.439842949403499,9.1231350377570095
1.507,0.232,0.434,11.192547839086046,9.2617089078504673
1.424,0.137,0.566,6.8381259049009628,9.2326014439519355
3.284,0.232,0.587,13.345804396256057,9.1082363390120165
1.813,0.102,0.393,11.21473414190416,9.2415636039786389
3.284,0.266,0.545,15.981626190746269,9.1288008535647531
3.892,0.22,0.43,27.930508650609724,9.1347651170627504
1.507,0.24,0.507,7.5219934610326362,9.2330714752736984
2.312,0.241,0.504,11.897837569519808,9.2057256336181581
3.284,0.284,0.512,16.922996295130943,9.1361453634445926
3.195,0.24,0.545,15.626566867314992,9.1375633232309745
2.737,0.14,0.636,5.4395255998300343,9.1124217930307072
0.877,0.185,0.393,7.0959246892129357,9.2597857137249662
0.47,0.296,0.365,4.2391580254871144,9.2484619813084112
3.519,0.232,0.545,17.091012160665642,9.1054821125767695
2.432,0.232,0.545,12.017839235875442,9.1952762790120168
3.672,0.24,0.43,25.286358637340271,9.1474172262750333
3.195,0.296,0.265,16.133670242141719,9.1415197116154872
1.507,0.001,0.507,4.1758777182999438,9.2069652923631509
3.586,0.24,0.434,25.422946220267804,9.1609666339385853
1.507,0.24,0.43,10.966085631007246,9.2599420640587446
3.892,0.268,0.409,29.807865477896513,9.1494121360213612
3.284,0.296,0.545,15.957345169916152,9.1286114145794386
1.507,0.19,0.434,11.127644573789468,9.2612025366889181
3.892,0.001,0.434,16.340811565165268,9.0443430350867828
0.118,0.296,0.545,0.8466618568421751,9.2261334612550066
3.598,0.135,0.507,17.138574724348842,9.0946083326835776
1.293,0.266,0.589,5.0284352049170877,9.2256008918291048
1.425,0.224,0.393,11.248753458993676,9.2669559005340449
3.925,0.224,0.393,29.41927165418511,9.1412211316421903
1.548,0.084,0.507,7.4533759079076418,9.2300310254739646
3.195,0.162,0.545,15.904143511306344,9.1397289586114816
3.284,0.224,0.545,15.475879895706015,9.1248550530307071
3.686,0.251,0.47,21.326337393633182,9.1144611515620824
0.586,0.14,0.627,1.2374687663560167,9.2225930719893192
0.28,0.224,0.536,1.4957398581734509,9.2299080066755668
2.737,0.14,0.687,0.98997800778816725,9.0777067047797058
3.598,0.24,0.707,1.1822143498068272,8.9701178205340462
3.284,0.244,0.545,15.848328280932165,9.1277608717222964
3.635,0.001,0.43,14.452991962975915,9.0683031662216287
2.737,0.14,0.651,3.7415896322287239,9.0991746042456612
0.907,0.016,0.43,6.5275734524931721,9.25428107340454
1.548,0.19,0.62,3.8856784679861249,9.2021960762082777
1.445,0.135,0.372,11.723802743768474,9.2695142049399202
3.312,0.224,0.52,16.820110881647992,9.1316488979706278
3.598,0.192,0.62,11.228774064332654,9.0485004425634177
3.195,0.24,0.445,21.453420900331324,9.1830240690253664
0.164,0.17,0.355,1.50190295774226,9.2309861707877179
1.319,0.232,0.545,6.643077450839769,9.236839988277703
2.253,0.211,0.489,11.668305413993167,9.2093215382910554
2.29,0.132,0.614,6.7484025379395973,9.1675749479305733
1.112,0.179,0.65,1.1914307633852275,9.2043709264085454
1.548,0.24,0.564,7.3439350715997307,9.2291771750066758
0.426,0.24,0.43,3.3002557107059971,9.2419252049666216
1.237,0.24,0.43,9.0513816353275018,9.2598212648598128
2.737,0.106,0.627,4.3653726232759027,9.1040413195994656
1.507,0.24,0.289,9.5433604061592661,9.2488420520427237
1.548,0.147,0.707,0.066645669289627563,9.1724002244058749
1.486,0.203,0.383,12.467661224887905,9.2729143216555414
2.312,0.14,0.636,4.3833704483751035,9.1470982374899865
0.118,0.224,0.256,0.89925740459921144,9.2265438083845126
3.598,0.016,0.681,2.6456549629528467,8.9815354914285717
2.306,0.14,0.731,-0.26244519496006546,9.1114060383444588
3.598,0.135,0.589,14.348286847927383,9.0728386835514012
0.883,0.147,0.681,0.19779451150341743,9.2057557393591463
1.661,0.1,0.445,11.703693567219005,9.2559393944192259
3.284,0.135,0.256,15.406231343211815,9.1243116594392522
3.284,0.232,0.545,16.044888290136839,9.1292944204539381
2.123,0.167,0.62,5.6617357398025945,9.173836262456609
1.319,0.232,0.696,0.15656480428948782,9.1862326277970627
1.548,0.19,0.434,11.425293277120886,9.2610196730040055
1.548,0.192,0.507,7.8583914015446794,9.2331909306809088
3.288,0.241,0.472,19.049138516928295,9.1522076302803743
2.737,0.14,0.677,1.7683189411539217,9.0837792714018697
0.28,0.224,0.393,2.4880928368727808,9.2376502817089445
3.284,0.132,0.557,14.363768728592618,9.116178432202938
3.181,0.11,0.595,14.783481644621006,9.1327709057676909
3.284,0.284,0.393,25.300887329586573,9.2015091382109482
1.784,0.084,0.62,4.4448108098018224,9.1908313512950599
1.319,0.224,0.545,6.4705245241120224,9.235493741281708
0.907,0.179,0.681,0.33460967477567749,9.2059639625901202
3.284,0.224,0.393,24.864983900508818,9.1981082472897189
3.598,0.135,0.707,1.2912583793597463,8.9709685751401871
2.29,0.132,0.591,8.6229083733775553,9.1821997236315092
2.29,0.132,0.445,15.194884156077151,9.2334738620827768
3.164,0.132,0.697,0.99248854464347858,9.0273317518291059
3.892,0.208,0.457,24.176954374061381,9.1054801245393868
3.312,0.224,0.355,23.905482595492373,9.186928518931909
1.849,0.14,0.595,6.6966278811622004,9.2036769853404543
0.907,0.179,0.707,0.001771495397349554,9.2033671802136183
0.118,0.147,0.393,1.2106865350325648,9.2289735587182911
2.736,0.197,0.401,21.986712836482212,9.2416313589052059
3.284,0.135,0.545,15.575253480422035,9.1256303594392527
0.907,0.24,0.43,6.6662422515985753,9.2553629585847794
3.312,0.282,0.393,25.345990591511281,9.1981672710013349
3.145,0.224,0.393,24.151201858662816,9.2104119850467292
2.522,0.2,0.325,16.747470671808756,9.2232593636582116
1.445,0.187,0.372,11.850773718069632,9.2705048244325763
1.586,0.281,0.453,10.439232426924804,9.2509446487583453
3.284,0.169,0.545,15.966579123900118,9.1286834573030706
3.892,0.24,0.635,10.048919729032676,8.9952540938317753
3.505,0.151,0.653,5.4183609529065393,9.0163795477970634
2.312,0.187,0.636,4.3198283356616543,9.146602485954606
3.195,0.224,0.545,15.100216311361478,9.1334567695594124
2.312,0.267,0.636,4.4827157288659976,9.1478733230707618
1.189,0.125,0.334,8.7474536379358909,9.2597789978905212
2.171,0.146,0.536,11.05018032460984,9.2117543255273695
1.548,0.24,0.707,0.060612454284836303,9.1723531536448597
1.425,0.162,0.393,11.380758786375893,9.267985797730308
3.892,0.147,0.434,27.389937754183151,9.1305476171962621
3.216,0.224,0.393,24.50384555166724,9.2041306687850462
1.425,0.179,0.557,6.7301805379011768,9.2317022810413878
1.237,0.24,0.507,6.2132721448236055,9.2376785145260349
1.664,0.267,0.504,8.7173863025607545,9.2324409144459274
3.181,0.15,0.731,0.080311715834767483,9.0180577060347122
2.434,0.24,0.43,17.35497878473403,9.2367216634445928
2.123,0.016,0.749,-0.42301674125440059,9.126363409319092
3.892,0.24,0.43,27.555953945035029,9.1318428649933239
3.598,0.167,0.43,24.973318561836237,9.1557345074499334
3.892,0.24,0.385,29.347159470446897,9.1458177369559408
2.306,0.187,0.627,5.7696563448835292,9.1584681121762355
3.598,0.084,0.372,27.022370170761008,9.1717210782109486
1.548,0.135,0.434,11.249922762321518,9.2596514433644863
1.849,0.267,0.595,6.5681201962091507,9.2026743765287051
3.892,0.145,0.43,27.848587632512974,9.1341259744726297
2.306,0.241,0.393,17.892794417144586,9.2530520669158882
3.195,0.162,0.38,24.855719434775509,9.2095685865153545
0.118,0.296,0.393,1.1799155299246138,9.2287334852870497
0.318,0.267,0.651,0.31054885876372396,9.2202067416288394
3.892,0.24,0.284,20.727338396684274,9.078566439359145
3.284,0.205,0.545,15.808324109019466,9.1274487617089459
0.118,0.224,0.529,0.86854817594398526,9.2263042169292397
1.425,0.296,0.545,7.0658265511743963,9.2343209699599473
1.548,0.101,0.43,9.7407969222635842,9.247877339225635
0.966,0.224,0.393,7.7353566653743115,9.2614939814686252
3.892,0.147,0.707,1.4443443821825213,8.9281217424299069
1.548,0.24,0.507,7.7751509684737243,9.2325414940987987
3.165,0.132,0.483,16.380177831031531,9.1472589481975959
2.29,0.137,0.591,9.2386443739623303,9.1870036568758344
0.118,0.147,0.545,0.85587031306587846,9.2262053050467294
2.306,0.267,0.627,5.925049364519495,9.1596804786648871
2.123,0.016,0.62,5.2912171756636752,9.170945500106809
3.892,0.24,0.507,18.974858407514745,9.0648937015754338
1.548,0.016,0.471,8.8461135420535015,9.2408970762082774
2.737,0.196,0.687,1.1057192722059028,9.0786097107877168
1.379,0.179,0.434,10.323042727065769,9.2623132440854476
1.548,0.24,0.43,11.256114268791009,9.259699749105474
0.915,0.222,0.646,1.0683321972512374,9.211396899198931
2.329,0.162,0.355,17.212613580457585,9.245613239145527
3.312,0.224,0.393,25.065349236524838,9.1959777249399206
3.519,0.13,0.637,7.4601893201511729,9.030343043284379
3.181,0.11,0.627,11.122882601815817,9.104211144085447
2.312,0.14,0.627,5.8800578306999824,9.1587752975700933
3.634,0.28,0.399,29.088001689738292,9.1826299643791724
2.29,0.224,0.591,8.7333673403864083,9.1830615174899872
1.548,0.147,0.434,11.434609542666493,9.2610923579172226
3.284,0.164,0.393,24.904502742234499,9.1984165707877175
3.892,0.145,0.434,28.441989391932367,9.138755657383177
3.892,0.172,0.707,1.8260686643526469,8.931099931081441
3.284,0.224,0.699,0.90639006933628252,9.0111848169826434
0.368,0.135,0.589,1.4583303657248905,9.2284756601869162
3.312,0.224,0.368,25.248266985685518,9.1974048376234983
3.284,0.13,0.545,15.133131575431705,9.1221809523631503
0.368,0.018,0.43,2.68467731708229,9.2380435413618152
1.88,0.232,0.659,1.5336192623647946,9.1610835393858476
2.737,0.201,0.627,7.2950794463321245,9.1268987065153535
1.548,0.084,0.43,10.830925768640952,9.256382455380507
3.284,0.24,0.74,-0.088010054372659852,9.0034265702536711
2.427,0.241,0.627,6.1623452971311536,9.1500779864886521
1.88,0.151,0.445,12.713082301164036,9.2483050013351136
3.284,0.224,0.522,16.470694161224401,9.1326165308678231
3.598,0.24,0.434,25.495145318854554,9.1598057667289723
2.29,0.24,0.591,9.1722698536735834,9.1864858070761013
3.067,0.186,0.398,24.619693975128413,9.2237578508411211
3.284,0.146,0.536,16.448304372589348,9.1324418471562083
3.284,0.224,0.629,8.4353599742648413,9.0699253629105474
0.164,0.17,0.697,0.22401459421978132,9.2210161667823769
3.27,0.232,0.545,15.973192986222585,9.1305701782376509
2.312,0.111,0.509,7.6664148286540694,9.1727123416288379
1.507,0.19,0.43,10.92446472996815,9.2596173404272371
0.653,0.206,0.636,1.1603568654204821,9.2203311898264353
